id,thema,dialekt,hochdeutsch,status,korrektur,kommentar,geprüft_von
1,Begrüßung,"Griaß di, wia geht's da?","Grüß dich, wie geht es dir?",richtig,,,
2,Begrüßung,Griaß Gott!,Guten Tag!,richtig,,,
3,Begrüßung,"Guat, und dir?","Gut, und dir?",richtig,,,
4,Begrüßung,"Pfiat di, bis moagn!","Tschüss, bis morgen!",richtig,,,
5,Begrüßung,"Schen, dass d' do bist.","Schön, dass du da bist.",richtig,,,
6,Begrüßung,Lang ned gsehn!,Lange nicht gesehen!,richtig,,,
7,Begrüßung,Mahlzeit!,Guten Appetit! (Gruß zur Mittagszeit),richtig,,,
8,Alltag,Wos is los?,Was ist los?,richtig,,,
9,Alltag,Des passt scho.,Das ist schon in Ordnung.,richtig,,,
10,Alltag,I woaß ned.,Ich weiß nicht.,richtig,,,
11,Alltag,Kannst ma helfn?,Kannst du mir helfen?,korrigiert,Kaunst ma helfen?,,
12,Alltag,Des is ma wurscht.,Das ist mir egal.,korrigiert,Deis is ma wurscht.,,
13,Alltag,"Na geh, wirklich?","Ach komm, wirklich?",richtig,,,
14,Alltag,"Hearst, hiaz is gnua!","Hör mal, jetzt reicht es!",richtig,,,
15,Alltag,I hob ka Zeit.,Ich habe keine Zeit.,richtig,,,
16,Alltag,Wia spät is?,Wie spät ist es?,richtig,,,
17,Alltag,Is eh kloar.,Das ist doch klar.,richtig,,,
18,Alltag,Mi gfreit's.,Das freut mich.,richtig,,,
19,Alltag,Des geht si ned aus.,Das geht sich nicht aus. (Das reicht nicht / klappt zeitlich nicht),richtig,,,
20,Arbeit,I muass hackln.,Ich muss arbeiten.,richtig,,,
21,Arbeit,Wann is Feierobnd?,Wann ist Feierabend?,korrigiert,Waun is Feierobnd?,,
22,Arbeit,Mia mochn a Paus.,Wir machen eine Pause.,richtig,,,
23,Arbeit,Des mach ma glei.,Das machen wir gleich.,korrigiert,Deis moch ma glei.,,
24,Arbeit,Des is a zache Gschicht.,Das ist eine mühsame Angelegenheit.,richtig,,,
25,Arbeit,Bist scho firti?,Bist du schon fertig?,richtig,,,
26,Arbeit,Heit is vü z'tuan.,Heute gibt es viel zu tun.,richtig,,,
27,Arbeit,Der Chef is heit grantig.,Der Chef ist heute schlecht gelaunt.,richtig,,,
28,Arbeit,I bin im Krankenstand.,Ich bin krankgeschrieben.,richtig,,,
29,Einkaufen,Wos kost des?,Was kostet das?,richtig,,,
30,Einkaufen,Des is ma z'teia.,Das ist mir zu teuer.,richtig,,,
31,Einkaufen,Brauchn S' a Sackerl?,Brauchen Sie eine Tüte?,richtig,,,
32,Einkaufen,"Zwoa Semmeln, bitte.","Zwei Brötchen, bitte.",richtig,,,
33,Einkaufen,Kann i mit Kortn zoin?,Kann ich mit Karte zahlen?,korrigiert,Kau i mit Kortn zoin?,,
34,Einkaufen,Hom S' a Erdäpfl?,Haben Sie auch Kartoffeln?,korrigiert,Haum´s an Erdäpfl?,,
35,Einkaufen,"Des passt so, danke.","Das passt so, danke. (Stimmt so)",korrigiert,"Deis passt so, danke.",,
36,Essen,I hob an Hunga.,Ich habe Hunger.,richtig,,,
37,Essen,Gemma wos essn?,Gehen wir etwas essen?,richtig,,,
38,Essen,Des is owa gschmackig!,Das ist aber lecker!,richtig,,,
39,Essen,"A Brettljausn und a Gspritzta, bitte.","Eine Brotzeitplatte und eine Weinschorle, bitte.",richtig,,,
40,Essen,"Zoin, bitte!","Die Rechnung, bitte!",richtig,,,
41,Essen,"Mit Kernöl, bitte.","Mit Kürbiskernöl, bitte.",richtig,,,
42,Freunde,Gemma auf a Bier?,Gehen wir auf ein Bier?,richtig,,,
43,Freunde,Des wor a Gaudi!,Das war ein Spaß!,richtig,,,
44,Freunde,"Oida, des is leiwand!","Alter, das ist toll!",falsch,,Wienerisch,
45,Freunde,Red kan Bledsinn.,Red keinen Blödsinn.,richtig,,,
46,Freunde,Kummst mit?,Kommst du mit?,richtig,,,
47,Freunde,Des is ma zu deppat.,Das ist mir zu dumm.,richtig,,,
48,Freunde,Mia segn uns.,Wir sehen uns.,richtig,,,
49,Wetter,Heit is owa hoaß.,Heute ist es aber heiß.,richtig,,,
50,Wetter,Es schifft.,Es regnet stark.,richtig,,,
51,Wetter,Is des koid heit!,Ist das kalt heute!,richtig,,,
52,Wetter,Moagn kummt d'Sunn.,Morgen kommt die Sonne.,richtig,,,
53,Unterwegs,Wo is do da Bahnhof?,Wo ist hier der Bahnhof?,richtig,,,
54,Unterwegs,Gemma z'Fuaß.,Gehen wir zu Fuß.,richtig,,,
55,Unterwegs,I foahr mi'm Radl.,Ich fahre mit dem Fahrrad.,richtig,,,
56,Unterwegs,Wia weit is des?,Wie weit ist das?,richtig,,,
57,Unterwegs,Do muasst owi und dann links.,Da musst du hinunter und dann links.,richtig,,,
58,Unterwegs,I bin glei do.,Ich bin gleich da.,richtig,,,
59,Begrüßung,Servas beinand!,Hallo zusammen!,richtig,,,
60,Begrüßung,Griaß enk beinand!,Grüß euch alle zusammen!,richtig,,,
61,Begrüßung,Guatn Moagn!,Guten Morgen!,richtig,,,
62,Begrüßung,Guate Nocht!,Gute Nacht!,richtig,,,
63,Begrüßung,A scheens Tog no!,Einen schönen Tag noch!,korrigiert,An schenen Tog no!,,
64,Begrüßung,"Pfiat Gott, kummts guat ham!","Auf Wiedersehen, kommt gut nach Hause!",richtig,,,
65,Begrüßung,Schene Griaß daham!,Schöne Grüße zu Hause!,richtig,,,
66,Begrüßung,Wos mochst denn so?,Was machst du denn so?,richtig,,,
67,Alltag,I kenn mi ned aus.,Ich kenne mich nicht aus.,richtig,,,
68,Alltag,Des is ma Blunzn.,Das ist mir egal. (wörtl.: Das ist mir Blutwurst),richtig,,,
69,Alltag,Do legst di nieda!,Da legst du dich nieder! (Ausruf des Staunens),richtig,,,
70,Alltag,"Schau ma amoi, dann segn ma scho.","Schauen wir mal, dann sehen wir schon.",richtig,,,
71,Alltag,Des gibt's jo ned!,Das gibt's doch nicht!,richtig,,,
72,Alltag,Wos sogst?,Was sagst du? (Wie bitte? / Echt?),richtig,,,
73,Alltag,Wos host'n?,Was hast du denn?,richtig,,,
74,Alltag,I hob's vagessn.,Ich habe es vergessen.,richtig,,,
75,Alltag,Wort a bissl!,Warte ein bisschen!,richtig,,,
76,Alltag,Gib ma des amoi.,Gib mir das mal.,richtig,,,
77,Alltag,Des mocht nix.,Das macht nichts.,richtig,,,
78,Alltag,Owa sicha!,Aber sicher!,richtig,,,
79,Alltag,Jo eh!,"Ja, eh! (Ja, sowieso / natürlich)",richtig,,,
80,Alltag,"Heast, los amoi zua!","Hör mal, hör mal zu!",richtig,,,
81,Alltag,I bin voll angfressn.,Ich bin total genervt.,richtig,,,
82,Alltag,Des fuxt mi.,Das ärgert mich.,richtig,,,
83,Alltag,Mia is fad.,Mir ist langweilig.,richtig,,,
84,Alltag,I hob Spotzn in de Wadln.,Ich habe Muskelkater in den Waden.,richtig,,,
85,Alltag,Mia is schlecht.,Mir ist übel.,richtig,,,
86,Alltag,I bin hundsmiad.,Ich bin hundemüde.,richtig,,,
87,Alltag,Des is hin.,Das ist kaputt.,richtig,,,
88,Alltag,Wo host'n des her?,Woher hast du das?,richtig,,,
89,Alltag,Der is ma zwida.,Der ist mir unsympathisch.,richtig,,,
90,Alltag,Moch kane Gschichtn!,Mach keine Geschichten! (Mach keinen Unsinn / keine Umstände),richtig,,,
91,Alltag,Moch kan Wickl!,Mach keinen Ärger!,richtig,,,
92,Alltag,I gfrei mi scho drauf.,Ich freue mich schon darauf.,richtig,,,
93,Alltag,Kannst ma an Gfoin tuan?,Kannst du mir einen Gefallen tun?,richtig,,,
94,Alltag,Des is a Gfrett.,Das ist eine Plage. / Das ist mühsam.,richtig,,,
95,Alltag,Do schau her!,Sieh mal einer an!,richtig,,,
96,Alltag,Des wa's.,Das war's.,richtig,,,
97,Familie,Des is mei Bua.,Das ist mein Sohn.,richtig,,,
98,Familie,Mei Ahnl kocht an Sterz.,Meine Oma kocht einen Sterz.,falsch,,,
99,Familie,Wia vü Kinda host?,Wie viele Kinder hast du?,richtig,,,
100,Familie,Der Kloane is scho groß woan.,Der Kleine ist schon groß geworden.,richtig,,,
101,Familie,Sei ned so gschamig!,Sei nicht so schüchtern!,richtig,,,
102,Familie,Des Gschrapp heat ned auf zum Plärrn.,Das Kind hört nicht auf zu weinen.,korrigiert,Deis Gschropp heat ned auf zum Plärrn.,,
103,Familie,Am Sunnta kummt de gonze Familie zom.,Am Sonntag kommt die ganze Familie zusammen.,richtig,,,
104,Arbeit,I hob an Haufn Oarbeit.,Ich habe einen Haufen Arbeit.,richtig,,,
105,Arbeit,Des dapock ma scho.,Das schaffen wir schon.,richtig,,,
106,Arbeit,Des is a Pfusch.,Das ist schlampig gemacht.,richtig,,,
107,Arbeit,Gemma's an!,Packen wir's an!,richtig,,,
108,Arbeit,I bin heit ned zum Brauchn.,Ich bin heute zu nichts zu gebrauchen.,richtig,,,
109,Arbeit,Moagn is a a Tog.,Morgen ist auch ein Tag.,richtig,,,
110,Arbeit,I muass no wos erledign.,Ich muss noch etwas erledigen.,richtig,,,
111,Arbeit,Hiaz moch ma Schluss für heit.,Jetzt machen wir Schluss für heute.,richtig,,,
112,Arbeit,Moch kan Stress!,Mach keinen Stress!,richtig,,,
113,Einkaufen,I schau nur.,Ich schaue nur.,richtig,,,
114,Einkaufen,Hom S' des a in Groß?,Haben Sie das auch in groß?,richtig,,,
115,Einkaufen,Wo is do a Bankomat?,Wo ist hier ein Geldautomat?,richtig,,,
116,Einkaufen,Gebm S' ma a Viertl Kilo Topfn.,Geben Sie mir ein Viertelkilo Quark.,richtig,,,
117,Einkaufen,Is des vo heit?,Ist das von heute? (frisch?),richtig,,,
118,Einkaufen,Hom S' a echts steirisches Kernöl?,Haben Sie echtes steirisches Kürbiskernöl?,richtig,,,
119,Einkaufen,Des is a Okazion!,Das ist ein Schnäppchen!,falsch,,,
120,Einkaufen,I bin stier.,Ich bin pleite.,falsch,,,
121,Einkaufen,"A Packerl Tschick, bitte.","Eine Packung Zigaretten, bitte.",richtig,,,
122,Essen,Guatn!,Guten Appetit!,richtig,,,
123,Essen,Prost beinand!,Prost zusammen!,richtig,,,
124,Essen,"A Achterl Schilcher, bitte.","Ein Achtel Schilcher, bitte.",richtig,,,
125,Essen,"A Krügerl, bitte.","Ein großes Bier, bitte.",richtig,,,
126,Essen,Is no wos do?,Ist noch etwas da?,richtig,,,
127,Essen,I bin gonz voi.,Ich bin ganz satt.,richtig,,,
128,Essen,Des schmeckt ma ned.,Das schmeckt mir nicht.,richtig,,,
129,Essen,Nimm da no a Stickl!,Nimm dir noch ein Stück!,richtig,,,
130,Essen,Gemma in Buschenschank!,Gehen wir in den Buschenschank!,richtig,,,
131,Essen,"Kumm, jausn ma!","Komm, machen wir Brotzeit!",richtig,,,
132,Essen,I hätt gern a Eierspeis mit Schwammerl.,Ich hätte gern Rührei mit Pilzen.,richtig,,,
133,Essen,Mit oder ohne Kren?,Mit oder ohne Meerrettich?,richtig,,,
134,Essen,Gemma auf an Sturm!,Gehen wir Sturm trinken!,richtig,,,
135,Essen,Pock da a Bschoadbinkerl ei!,Pack dir ein Päckchen (Essen) zum Mitnehmen ein!,falsch,,,
136,Freunde,Wos tuast heit auf d'Nocht?,Was machst du heute Abend?,richtig,,,
137,Freunde,Bist deppat!,Bist du verrückt! (Ausruf des Staunens),richtig,,,
138,Freunde,Gemma no auf oans?,Gehen wir noch auf ein Getränk?,richtig,,,
139,Freunde,Der hot an Fetzn.,Der ist betrunken.,richtig,,,
140,Freunde,Host an Dusl ghobt!,Da hast du Glück gehabt!,richtig,,,
141,Freunde,Des is a Hawara vo mia.,Das ist ein Kumpel von mir.,richtig,,,
142,Freunde,Tratz mi ned!,Necke mich nicht!,richtig,,,
143,Freunde,Ruaf mi an!,Ruf mich an!,richtig,,,
144,Freunde,Du dabarmst ma.,Du tust mir leid.,richtig,,,
145,Freunde,Schmäh ohne!,Ganz ohne Witz! / Im Ernst!,richtig,,,
146,Freunde,Moch kan Schmäh!,Mach keine Witze! / Erzähl keinen Unsinn!,richtig,,,
147,Freunde,Mia hom a Hetz ghobt.,Wir hatten viel Spaß.,richtig,,,
148,Wetter,Es werd dumpa.,Es wird dunkel.,richtig,,,
149,Wetter,Es kummt a Gwitta.,Es kommt ein Gewitter.,richtig,,,
150,Wetter,Heit is a Sauwetta.,Heute ist ein Mistwetter.,richtig,,,
151,Wetter,Mi gfriat's.,Mir ist kalt. / Ich friere.,richtig,,,
152,Wetter,Es is gach koid woan.,Es ist plötzlich kalt geworden.,richtig,,,
153,Wetter,Drauß is olles a Gatsch.,Draußen ist alles matschig.,richtig,,,
154,Wetter,Nimm an Schirm mit!,Nimm einen Regenschirm mit!,richtig,,,
155,Wetter,"Heit is a Nebl, ma siecht nix.","Heute ist Nebel, man sieht nichts.",richtig,,,
156,Wetter,Es schneibt.,Es schneit.,richtig,,,
157,Unterwegs,Foahrst mi ham?,Fährst du mich nach Hause?,richtig,,,
158,Unterwegs,Do muasst umi.,Da musst du hinüber.,richtig,,,
159,Unterwegs,Wia kumm i auf'n Schöckl?,Wie komme ich auf den Schöckl? (Grazer Hausberg),richtig,,,
160,Unterwegs,Is des weit z'gehn?,Ist das zu Fuß weit?,richtig,,,
161,Unterwegs,Hupf eini!,Steig ein!,richtig,,,
162,Unterwegs,I hob mi vagangen.,Ich habe mich verlaufen.,richtig,,,
163,Unterwegs,Wann foahrt de nächste Bim?,Wann fährt die nächste Straßenbahn?,richtig,,,
164,Unterwegs,"Pass auf, es is glott!","Pass auf, es ist glatt!",richtig,,,
165,Unterwegs,Geh a bissl fiari!,Geh ein bisschen nach vorne!,richtig,,,
166,Brauchtum,Gemma auf'n Kirtag!,Gehen wir auf den Kirtag (Jahrmarkt)!,richtig,,,
167,Brauchtum,Frohe Weihnochtn!,Frohe Weihnachten!,richtig,,,
168,Brauchtum,Guats Neichs!,Gutes neues Jahr!,richtig,,,
169,Brauchtum,Da Krampus kummt!,Der Krampus kommt!,richtig,,,
170,derb,Hoit di Goschn!,Halt den Mund! (derb),richtig,,,
171,derb,Des geht ma am Oasch.,Das geht mir auf die Nerven. (derb),richtig,,,
172,derb,Schleich di!,Hau ab! (derb),richtig,,,
173,Alltag,I kenn mi nimma aus.,Ich verstehe gar nichts mehr. / Ich habe den Überblick verloren.,richtig,,,
174,Alltag,Loss mi in Ruah.,Lass mich in Ruhe.,richtig,,,
175,Alltag,Loss mi oglahnt.,Lass mich in Ruhe. (wörtl.: Lass mich angelehnt),richtig,,,
176,Alltag,Wos wüst?,Was willst du?,richtig,,,
177,Alltag,Geh bitte!,Ach komm! / Das meinst du nicht ernst.,richtig,,,
178,Alltag,Wird scho passn.,Wird schon funktionieren.,richtig,,,
179,Alltag,Wird scho irgendwie geh.,Wird schon irgendwie gehen.,richtig,,,
180,Alltag,Wo samma denn?,Wo sind wir denn? (Ausdruck der Empörung: Was soll das?),richtig,,,
181,Alltag,Na no na ned.,"Ja, offensichtlich. / Was denn sonst?",richtig,,,
182,Alltag,Des kannst da aufzeichnen.,Das kannst du vergessen.,richtig,,,
183,Alltag,Do hauts ma den Vogl aussi.,Das ist ja völlig irre.,richtig,,,
184,Alltag,Des is a Schas.,Das ist schlecht. / Das ist Blödsinn.,richtig,,,
185,Alltag,Wos suderst denn scho wieda?,Warum jammerst du schon wieder?,richtig,,,
186,Alltag,Wos is'n des für a Gschiss?,Was ist das für ein unnötiges Getue?,richtig,,,
187,Alltag,Moch kan Bahö wegen dem Schas.,Mach kein Theater wegen so einem Blödsinn.,richtig,,,
188,Alltag,Des Klump kannst glei wegschmeißn.,Den Plunder kannst du gleich wegwerfen.,richtig,,,
189,Alltag,Jetzt tua ned so deppat.,Stell dich nicht so blöd an.,richtig,,,
190,Alltag,Wos mochst für an Schas?,Was machst du für einen Blödsinn?,richtig,,,
191,Alltag,Jetzt führ di ned auf wia a aufgstochns Hendl.,Benimm dich nicht so hysterisch. (wörtl.: wie ein abgestochenes Huhn),richtig,,,
192,Alltag,Dem brennt jo komplett da Huat.,Der ist völlig außer sich / durch den Wind.,richtig,,,
193,Arbeit,Des hamma imma scho so gmocht.,Das haben wir immer schon so gemacht.,richtig,,,
194,Freunde,Host an Poscha?,Bist du verrückt?,richtig,,,
195,Freunde,Du host jo an festn Poscha.,Du bist ja völlig verrückt.,richtig,,,
196,Freunde,"Heast, bist du wo angrennt?","Hör mal, bist du verrückt? (wörtl.: Bist du irgendwo angerannt?)",richtig,,,
197,Freunde,Wos schaust'n so deppat aus da Wäsch?,Warum schaust du so blöd aus der Wäsche?,richtig,,,
198,Freunde,A Bier geht scho no.,Ein Bier geht schon noch.,richtig,,,
199,Freunde,I geh nur auf oans.,Ich gehe nur auf ein Getränk.,richtig,,,
200,Freunde,"Heast, sauf weniger.","Hör mal, trink weniger.",richtig,,,
201,Freunde,"Kumm, loss den Schas, gemma ham.","Komm, lass den Blödsinn, gehen wir nach Hause.",richtig,,,
202,Unterwegs,Gemma ham.,Gehen wir nach Hause.,richtig,,,
203,derb,Geh scheißn!,Das gibt's doch nicht! / Hau ab! (derb),richtig,,,
204,derb,Red kan Schas.,Erzähl keinen Blödsinn. (derb),richtig,,,
205,derb,Geh ma ned am Oasch.,Geh mir nicht auf die Nerven. (derb),richtig,,,
206,derb,"Geh leck, bist komplett angrennt?","Mann, bist du völlig verrückt? (derb)",richtig,,,
207,derb,"Heast Hawara, schleich di, bevor i da ane auflege.","Hör mal, Kumpel, hau ab, bevor ich dir eine runterhaue. (derb)",richtig,,,
208,derb,Wos is'n mit dem Trottl scho wieda?,Was ist mit dem Trottel schon wieder los? (derb),richtig,,,
209,derb,I drah glei durch mit eich Wapplern.,Ich drehe gleich durch mit euch Idioten. (derb),richtig,,,
210,derb,"Na servas, jetzt samma komplett im Oasch.","Na toll, jetzt sind wir völlig erledigt. (derb)",richtig,,,
211,derb,Des interessiert mi an feichtn Dreck.,Das interessiert mich überhaupt nicht. (derb),richtig,,,
212,derb,Schleich di über d'Heisa.,"Verschwinde, und zwar möglichst weit. (derb)",richtig,,,
213,derb,Geh scheißn mit deinem Graffl.,Hau ab mit deinem Kram. (derb),richtig,,,
214,derb,"I glaub, dem hams ins Hirn gschissn.","Ich glaube, der ist nicht ganz dicht. (vulgär)",richtig,,,
215,derb,Du kannst mi kreuzweis.,Du kannst mich mal (kreuzweise). (vulgär),richtig,,,