id,wortart,dialekt,hochdeutsch,thema,status,korrektur,kommentar,geprüft_von
1,Interjektion,Servus,hallo; tschüss,Begrüßung,richtig,,,
2,Interjektion,Pfiat di,tschüss (zu einer Person),Begrüßung,richtig,,,
3,Interjektion,Pfiat eich,tschüss (zu mehreren),Begrüßung,richtig,,,
4,Interjektion,Baba,tschüss,Begrüßung,richtig,,,
5,Interjektion,Griaß di,grüß dich; hallo,Begrüßung,richtig,,,
6,Interjektion,Griaß eich,grüßt euch; hallo (zu mehreren),Begrüßung,richtig,,,
7,Interjektion,Heast,hör mal; hey,Alltag,richtig,,,
8,Interjektion,Geh,ach komm; na los,Alltag,richtig,,,
9,Interjektion,Jessas,ach du meine Güte,Alltag,richtig,,,
10,Interjektion,Passt,in Ordnung; passt,Alltag,richtig,,,
11,Interjektion,Gö,nicht wahr; gell,Alltag,richtig,,,
12,Interjektion,Oida,Alter (Anrede unter Freunden),Freunde,richtig,,,
13,Partikel,jo,ja,Alltag,richtig,,,
14,Partikel,na,nein,Alltag,richtig,,,
15,Partikel,ned,nicht,Alltag,richtig,,,
16,Partikel,eh,ohnehin; sowieso,Alltag,richtig,,,
17,Partikel,scho,schon,Alltag,richtig,,,
18,Partikel,hoit,halt; eben,Alltag,richtig,,,
19,Partikel,oiso,also,Alltag,richtig,,,
20,Pronomen,i,ich,Alltag,richtig,,,
21,Pronomen,mia,wir; mir,Alltag,richtig,,,
22,Pronomen,es,ihr,Alltag,richtig,,,
23,Pronomen,eich,euch,Alltag,richtig,,,
24,Pronomen,nix,nichts,Alltag,richtig,,,
25,Pronomen,wos,was,Alltag,richtig,,,
26,Adverb,wia,wie,Alltag,richtig,,,
27,Adverb,hiaz,jetzt,Alltag,richtig,,,
28,Adverb,heit,heute,Alltag,richtig,,,
29,Adverb,moagn,morgen,Alltag,richtig,,,
30,Adverb,gestan,gestern,Alltag,richtig,,,
31,Adverb,glei,gleich; sofort,Alltag,richtig,,,
32,Adverb,imma,immer,Alltag,richtig,,,
33,Adverb,a bissl,ein bisschen,Alltag,richtig,,,
34,Adverb,vü,viel,Alltag,richtig,,,
35,Adverb,weng,wenig,Alltag,richtig,,,
36,Adverb,do,da; hier,Alltag,richtig,,,
37,Adverb,daham,zu Hause,Alltag,richtig,,,
38,Adverb,auffi,hinauf,Unterwegs,richtig,,,
39,Adverb,owi,hinunter,Unterwegs,richtig,,,
40,Adverb,eini,hinein,Unterwegs,richtig,,,
41,Adverb,aussi,hinaus,Unterwegs,richtig,,,
42,Adverb,umadum,herum,Unterwegs,richtig,,,
43,Adverb,z'fleiß,absichtlich; zum Trotz,Alltag,richtig,,,
44,Nomen,Bua,der Junge,Familie,richtig,,,
45,Nomen,Madl,das Mädchen,Familie,richtig,,,
46,Nomen,Dirndl,das Mädchen; das Trachtenkleid,Familie,richtig,,,
47,Nomen,Leit,die Leute,Alltag,richtig,,,
48,Nomen,Spezl,der Freund; der Kumpel,Freunde,richtig,,,
49,Nomen,Hawara,der Kumpel,Freunde,richtig,,,
50,Nomen,Oma,die Großmutter,Familie,richtig,,,
51,Nomen,Opa,der Großvater,Familie,richtig,,,
52,Nomen,Erdäpfl,die Kartoffeln,Essen,richtig,,,
53,Nomen,Paradeiser,die Tomate,Essen,richtig,,,
54,Nomen,Kren,der Meerrettich,Essen,richtig,,,
55,Nomen,Karfiol,der Blumenkohl,Essen,richtig,,,
56,Nomen,Kukuruz,der Mais,Essen,richtig,,,
57,Nomen,Fisoln,die grünen Bohnen,Essen,richtig,,,
58,Nomen,Käferbohnen,die Feuerbohnen,Essen,richtig,,,
59,Nomen,Marüln,die Aprikosen,Essen,richtig,,,
60,Nomen,Ribisl,die Johannisbeeren,Essen,richtig,,,
61,Nomen,Schwammerl,die Pilze,Essen,richtig,,,
62,Nomen,Semmel,das Brötchen,Essen,richtig,,,
63,Nomen,Kipferl,das Hörnchen,Essen,richtig,,,
64,Nomen,Topfn,der Quark,Essen,richtig,,,
65,Nomen,Obers,die Sahne,Essen,richtig,,,
66,Nomen,Schlagobers,die Schlagsahne,Essen,richtig,,,
67,Nomen,Faschierts,das Hackfleisch,Essen,richtig,,,
68,Nomen,Stelzn,die Schweinshaxe,Essen,richtig,,,
69,Nomen,Wurscht,die Wurst,Essen,richtig,,,
70,Nomen,Jausn,die Zwischenmahlzeit; die Brotzeit,Essen,richtig,,,
71,Nomen,Kernöl,das Kürbiskernöl,Essen,richtig,,,
72,Nomen,Sterz,der Sterz (steirische Speise),Essen,korrigiert,Speise aus Mais- oder Buchweizenmehl,,
73,Nomen,Eierspeis,das Rührei,Essen,richtig,,,
74,Nomen,Wossa,das Wasser,Essen,richtig,,,
75,Nomen,Bia,das Bier,Essen,richtig,,,
76,Nomen,Gspritzta,die Weinschorle,Essen,richtig,,,
77,Nomen,Most,der Most (Obstwein),Essen,richtig,,,
78,Nomen,Buschenschank,der Buschenschank (Weinlokal des Winzers),Essen,richtig,,,
79,Nomen,Sackerl,die Tüte,Einkaufen,richtig,,,
80,Nomen,Kassa,die Kasse,Einkaufen,richtig,,,
81,Nomen,Göd,das Geld,Einkaufen,richtig,,,
82,Nomen,Bankomat,der Geldautomat,Einkaufen,richtig,,,
83,Nomen,Packerl,das Paket; das Päckchen,Einkaufen,richtig,,,
84,Nomen,Trafik,der Tabakladen; der Kiosk,Einkaufen,richtig,,,
85,Nomen,Greißler,der kleine Lebensmittelladen,Einkaufen,richtig,,,
86,Nomen,Fleischhauer,der Metzger,Einkaufen,richtig,,,
87,Nomen,Pickerl,der Aufkleber; die Vignette,Unterwegs,richtig,,,
88,Nomen,Hackn,die Arbeit; der Job,Arbeit,richtig,,,
89,Nomen,Feierobnd,der Feierabend,Arbeit,richtig,,,
90,Nomen,Gschicht,die Geschichte; die Angelegenheit,Arbeit,richtig,,,
91,Nomen,Jänner,der Januar,Arbeit,richtig,,,
92,Nomen,Feber,der Februar,Arbeit,richtig,,,
93,Nomen,Pfinsta,der Donnerstag,Arbeit,richtig,,,
94,Nomen,Ertag,der Dienstag,Arbeit,richtig,,,
95,Nomen,Gwand,die Kleidung,Alltag,richtig,,,
96,Nomen,Leiberl,das T-Shirt,Alltag,richtig,,,
97,Nomen,Haubn,die Mütze,Alltag,richtig,,,
98,Nomen,Patschn,die Hausschuhe,Alltag,richtig,,,
99,Nomen,Schuach,die Schuhe,Alltag,richtig,,,
100,Nomen,Kuchl,die Küche,Alltag,richtig,,,
101,Nomen,Stubn,die Stube; das Wohnzimmer,Alltag,richtig,,,
102,Nomen,Kastl,der Schrank; das Kästchen,Alltag,richtig,,,
103,Nomen,Häusl,die Toilette,Alltag,richtig,,,
104,Nomen,Bankl,die Sitzbank,Alltag,richtig,,,
105,Nomen,Schädl,der Kopf,Alltag,richtig,,,
106,Nomen,Fuaß,der Fuß; das Bein,Alltag,richtig,,,
107,Nomen,Gaudi,der Spaß,Freunde,richtig,,,
108,Nomen,Schmäh,der Witz; der Charme,Freunde,richtig,,,
109,Nomen,Bledsinn,der Blödsinn,Freunde,richtig,,,
110,Nomen,Wetta,das Wetter,Wetter,richtig,,,
111,Nomen,Rengn,der Regen,Wetter,richtig,,,
112,Nomen,Sunn,die Sonne,Wetter,richtig,,,
113,Nomen,Bim,die Straßenbahn,Unterwegs,richtig,,,
114,Nomen,Radl,das Fahrrad,Unterwegs,richtig,,,
115,Nomen,Bam,der Baum,Natur,richtig,,,
116,Nomen,Woid,der Wald,Natur,richtig,,,
117,Nomen,Wiesn,die Wiese,Natur,richtig,,,
118,Nomen,Kuah,die Kuh,Natur,richtig,,,
119,Nomen,Hendl,das Huhn; das Brathähnchen,Essen,richtig,,,
120,Nomen,Oachkatzl,das Eichhörnchen,Natur,richtig,,,
121,Verb,redn,reden; sprechen,Alltag,richtig,,,
122,Verb,schaun,schauen; sehen,Alltag,richtig,,,
123,Verb,hean,hören,Alltag,richtig,,,
124,Verb,kumman,kommen,Alltag,richtig,,,
125,Verb,hom,haben,Alltag,richtig,,,
126,Verb,mochn,machen,Alltag,richtig,,,
127,Verb,schlofn,schlafen,Alltag,richtig,,,
128,Verb,hackln,arbeiten,Arbeit,richtig,,,
129,Verb,kafn,kaufen,Einkaufen,richtig,,,
130,Verb,zoin,zahlen,Einkaufen,richtig,,,
131,Verb,woin,wollen,Alltag,richtig,,,
132,Verb,kenna,können; kennen,Alltag,richtig,,,
133,Verb,miassn,müssen,Alltag,richtig,,,
134,Verb,sogn,sagen,Alltag,richtig,,,
135,Verb,frogn,fragen,Alltag,richtig,,,
136,Verb,gfrein,freuen,Freunde,richtig,,,
137,Verb,tratschn,tratschen; plaudern,Freunde,richtig,,,
138,Verb,raunzn,jammern; nörgeln,Alltag,richtig,,,
139,Verb,sudern,jammern; meckern,Alltag,richtig,,,
140,Verb,hudln,hetzen; schlampig arbeiten,Arbeit,richtig,,,
141,Verb,pfuschn,pfuschen; unsauber arbeiten,Arbeit,richtig,,,
142,Verb,rean,weinen,Alltag,richtig,,,
143,Adjektiv,guat,gut,Alltag,richtig,,,
144,Adjektiv,schee,schön,Alltag,richtig,,,
145,Adjektiv,schiach,hässlich,Alltag,richtig,,,
146,Adjektiv,fesch,hübsch; attraktiv,Freunde,richtig,,,
147,Adjektiv,leiwand,toll; super,Freunde,falsch,,Wienerisch,
148,Adjektiv,lässig,cool; toll,Freunde,richtig,,,
149,Adjektiv,gscheit,klug; ordentlich,Alltag,richtig,,,
150,Adjektiv,deppat,dumm; blöd,derb,richtig,,,
151,Adjektiv,grantig,schlecht gelaunt,Alltag,richtig,,,
152,Adjektiv,heiklig,wählerisch; heikel,Essen,richtig,,,
153,Adjektiv,miad,müde,Alltag,richtig,,,
154,Adjektiv,narrisch,verrückt; sehr,Freunde,richtig,,,
155,Adjektiv,hoaß,heiß,Wetter,richtig,,,
156,Adjektiv,koid,kalt,Wetter,richtig,,,
157,Adjektiv,woam,warm,Wetter,richtig,,,
158,Adjektiv,kloa,klein,Alltag,richtig,,,
159,Adjektiv,oid,alt,Alltag,richtig,,,
160,Adjektiv,neich,neu,Alltag,richtig,,,
161,Adjektiv,teia,teuer,Einkaufen,richtig,,,
162,Adjektiv,stad,still; ruhig,Alltag,richtig,,,
163,Adjektiv,zach,zäh; mühsam,Arbeit,richtig,,,
164,Adjektiv,patschert,ungeschickt,Alltag,richtig,,,
165,Adjektiv,firti,fertig,Arbeit,richtig,,,
166,Adjektiv,gschmackig,lecker,Essen,richtig,,,
167,Interjektion,Servas,hallo; tschüss (lockere Form von Servus),Begrüßung,richtig,,,
168,Interjektion,Pfiat Gott,"auf Wiedersehen (höflich, ländlich)",Begrüßung,richtig,,,
169,Interjektion,Griaß enk,"grüß euch (ländlich, v. a. Obersteiermark)",Begrüßung,richtig,,,
170,Interjektion,Guatn,guten Appetit (kurz),Essen,richtig,,,
171,Interjektion,Ui jegerl,oje; ach du liebe Zeit,Alltag,richtig,,,
172,Interjektion,Na servas,na prima; oje (Ausruf der Überraschung),Alltag,richtig,,,
173,Interjektion,Hoppala,hoppla,Alltag,richtig,,,
174,Interjektion,Aso,ach so,Alltag,richtig,,,
175,Interjektion,Mei,"ach; ach Gott (Rührung, Bedauern)",Alltag,richtig,,,
176,Interjektion,Pfuh,"puh; boah (Staunen, Anstrengung)",Alltag,richtig,,,
177,Interjektion,Gemma,gehen wir; los geht's,Alltag,richtig,,,
178,Interjektion,Hea auf,hör auf,Alltag,richtig,,,
179,Interjektion,Gusch,sei still (derb),derb,richtig,,,
180,Partikel,leicht,vielleicht; womöglich,Alltag,richtig,,,
181,Partikel,eppa,etwa; vielleicht,Alltag,richtig,,,
182,Partikel,goa,gar,Alltag,richtig,,,
183,Partikel,grod,gerade; eben,Alltag,richtig,,,
184,Partikel,nimma,nicht mehr,Alltag,richtig,,,
185,Partikel,a,auch (auch: ein/eine),Alltag,richtig,,,
186,Partikel,eha,eher,Alltag,richtig,,,
187,Pronomen,enk,"euch (ländlich, v. a. Obersteiermark)",Alltag,richtig,,,
188,Pronomen,enka,euer (ländlich),Alltag,richtig,,,
189,Pronomen,eam,ihm; ihn,Alltag,richtig,,,
190,Pronomen,eana,ihnen; Ihnen,Alltag,richtig,,,
191,Pronomen,ia,"ihr (Dativ); sie (Akkusativ, weiblich)",Alltag,richtig,,,
192,Pronomen,ebba,jemand,Alltag,richtig,,,
193,Pronomen,ebbas,etwas,Alltag,richtig,,,
194,Pronomen,kana,keiner; niemand,Alltag,richtig,,,
195,Pronomen,wea,wer,Alltag,richtig,,,
196,Pronomen,des,das (Demonstrativ),Alltag,richtig,,,
197,Pronomen,ma,man; mir; wir (nachgestellt),Alltag,richtig,,,
198,Numerale,oans,eins,Alltag,richtig,,,
199,Numerale,zwoa,zwei,Alltag,richtig,,,
200,Präposition,z',"zu; in (z'Graz, z'Fuaß)",Unterwegs,richtig,,,
201,Präposition,vo,von,Alltag,richtig,,,
202,Konjunktion,wann,wenn; als,Alltag,richtig,,,
203,Konjunktion,oda,oder,Alltag,richtig,,,
204,Adverb,oiwei,immer; die ganze Zeit,Alltag,richtig,,,
205,Adverb,amoi,einmal; mal,Alltag,richtig,,,
206,Adverb,zerscht,zuerst,Alltag,richtig,,,
207,Adverb,nocha,nachher; danach,Alltag,richtig,,,
208,Adverb,vuahin,vorhin,Alltag,richtig,,,
209,Adverb,heia,heuer; in diesem Jahr,Alltag,richtig,,,
210,Adverb,fert,letztes Jahr,Alltag,richtig,,,
211,Adverb,vurgestan,vorgestern,Alltag,richtig,,,
212,Adverb,iwamoagn,übermorgen,Alltag,richtig,,,
213,Adverb,in da Fruah,am Morgen; morgens,Alltag,richtig,,,
214,Adverb,auf d'Nocht,am Abend; abends,Alltag,richtig,,,
215,Adverb,untertogs,tagsüber,Alltag,richtig,,,
216,Adverb,iwaroi,überall,Alltag,richtig,,,
217,Adverb,nindascht,nirgends,Alltag,richtig,,,
218,Adverb,wohi,wohin,Unterwegs,richtig,,,
219,Adverb,wohea,woher (weststeirisch auch: wouhea),Unterwegs,richtig,,,
220,Adverb,umi,hinüber,Unterwegs,richtig,,,
221,Adverb,zuwi,hin; heran (zu etwas hin),Unterwegs,richtig,,,
222,Adverb,eina,herein,Unterwegs,richtig,,,
223,Adverb,aussa,heraus,Unterwegs,richtig,,,
224,Adverb,auffa,herauf,Unterwegs,richtig,,,
225,Adverb,owa,herunter (auch: aber),Unterwegs,richtig,,,
226,Adverb,fiari,nach vorne; hervor,Unterwegs,richtig,,,
227,Adverb,hintri,nach hinten,Unterwegs,richtig,,,
228,Adverb,zruck,zurück,Unterwegs,richtig,,,
229,Adverb,drent,drüben,Unterwegs,richtig,,,
230,Adverb,obm,oben,Unterwegs,richtig,,,
231,Adverb,untn,unten,Unterwegs,richtig,,,
232,Adverb,gschwind,schnell; rasch,Alltag,richtig,,,
233,Adverb,pomali,langsam; gemächlich (aus dem Slawischen),Alltag,richtig,,,
234,Nomen,Ahnl,die Großmutter (ländlich),Familie,richtig,,,
235,Nomen,Ähnl,der Großvater (ländlich),Familie,richtig,,,
236,Nomen,Godl,die Taufpatin; die Firmpatin,Familie,richtig,,,
237,Nomen,Gschrapp,das kleine Kind (salopp),Familie,richtig,,,
238,Nomen,Fratz,das (freche) Kind,Familie,richtig,,,
239,Nomen,Diandl,das Mädchen; die Freundin,Familie,richtig,,,
240,Nomen,Gspusi,die Liebschaft; der/die Geliebte,Freunde,richtig,,,
241,Nomen,Lackl,"der große, grobe Kerl",Freunde,richtig,,,
242,Nomen,Tschopperl,das Dummerchen; der unbeholfene Mensch,Freunde,richtig,,,
243,Nomen,Zniachtl,"der schmächtige, kleine Mensch",Alltag,richtig,,,
244,Nomen,Gfrast,der Nichtsnutz; das freche Kind (derb),derb,richtig,,,
245,Nomen,Bankert,das freche Kind; der Fratz (derb),derb,richtig,,,
246,Nomen,Blunzn,die Blutwurst,Essen,richtig,,,
247,Nomen,Grammeln,die Grieben,Essen,richtig,,,
248,Nomen,Verhackerts,der steirische Speckaufstrich,Essen,richtig,,,
249,Nomen,Klachlsuppn,die Klachlsuppe (steirische Suppe vom Schweinshaxl),Essen,richtig,,,
250,Nomen,Wurzelfleisch,das Wurzelfleisch (gekochtes Schweinefleisch mit Wurzelgemüse),Essen,richtig,,,
251,Nomen,Heidn,der Buchweizen,Essen,richtig,,,
252,Nomen,Heidnsterz,der Buchweizensterz,Essen,richtig,,,
253,Nomen,Türkn,der Mais (steirisch/kärntnerisch),Essen,falsch,,,
254,Nomen,Plutzer,der Kürbis,Essen,korrigiert,Kopf,,
255,Nomen,Kraut,der Weißkohl,Essen,richtig,,,
256,Nomen,Kelch,der Wirsing,Essen,falsch,,,
257,Nomen,Vogerlsalat,der Feldsalat,Essen,richtig,,,
258,Nomen,Häuptlsalat,der Kopfsalat,Essen,richtig,,,
259,Nomen,Knofl,der Knoblauch,Essen,richtig,,,
260,Nomen,Zwiefl,die Zwiebel,Essen,richtig,,,
261,Nomen,Zwetschkn,die Pflaumen; die Zwetschgen,Essen,richtig,,,
262,Nomen,Ringlottn,die Renekloden,Essen,richtig,,,
263,Nomen,Weichsln,die Sauerkirschen,Essen,richtig,,,
264,Nomen,Schwarzbeer,die Heidelbeeren,Essen,richtig,,,
265,Nomen,Kletzn,die Dörrbirnen,Essen,richtig,,,
266,Nomen,Kletznbrot,das Früchtebrot mit Dörrbirnen,Essen,richtig,,,
267,Nomen,Maroni,die Esskastanien,Essen,richtig,,,
268,Nomen,Germ,die Hefe,Essen,richtig,,,
269,Nomen,Brösl,die Semmelbrösel; das Paniermehl,Essen,richtig,,,
270,Nomen,Nockerl,die Nocken; die Spätzle,Essen,richtig,,,
271,Nomen,Palatschinkn,der Pfannkuchen; die Crêpe,Essen,richtig,,,
272,Nomen,Schmarrn,der zerrissene Pfannkuchen; (übertragen) der Unsinn,Essen,richtig,,,
273,Nomen,Krapfn,der Krapfen; der Berliner,Essen,richtig,,,
274,Nomen,Strauben,die Strauben (steirisches Schmalzgebäck),Essen,richtig,,,
275,Nomen,Rindsuppn,die Rinderbrühe,Essen,richtig,,,
276,Nomen,Schmölzi,"die Eierspeise (regional, Obersteiermark)",Essen,falsch,,,
277,Nomen,Steirerkas,der Steirerkäse (würziger Sauermilchkäse aus dem Ennstal),Essen,richtig,,,
278,Nomen,Brettljausn,die kalte Platte auf dem Holzbrett,Essen,richtig,,,
279,Nomen,Bschoadbinkerl,das Päckchen mit Essen zum Mitnehmen (von Fest oder Feier),Essen,falsch,,,
280,Nomen,Schilcher,der Schilcher (Roséwein aus der Weststeiermark),Essen,richtig,,,
281,Nomen,Sturm,der Sturm (gärender Traubenmost),Essen,richtig,,,
282,Nomen,Junker,der Junker (junger steirischer Wein der Saison),Essen,richtig,,,
283,Nomen,Achterl,"das Achtel (Glas Wein, 0,125 l)",Essen,richtig,,,
284,Nomen,Krügerl,"das große Glas Bier (0,5 l)",Essen,richtig,,,
285,Nomen,Seidl,"das kleine Glas Bier (0,3 l)",Essen,richtig,,,
286,Nomen,Stamperl,das Schnapsglas,Essen,richtig,,,
287,Nomen,Doppler,die Zwei-Liter-Weinflasche,Essen,richtig,,,
288,Nomen,Schnops,der Schnaps,Essen,richtig,,,
289,Nomen,Kracherl,die Limonade,Essen,richtig,,,
290,Nomen,Tixo,das Klebeband,Alltag,richtig,,,
291,Nomen,Mistkübl,der Mülleimer,Alltag,richtig,,,
292,Nomen,Kübl,der Eimer,Alltag,richtig,,,
293,Nomen,Polsta,das Kissen,Alltag,richtig,,,
294,Nomen,Tuchent,die Bettdecke; das Federbett,Alltag,richtig,,,
295,Nomen,Harpfn,das Bett (scherzhaft; eigentl. die Heuharfe),Alltag,richtig,,,
296,Nomen,Sessl,der Stuhl,Alltag,richtig,,,
297,Nomen,Stiagn,die Treppe,Alltag,richtig,,,
298,Nomen,Lavur,das Waschbecken,Alltag,falsch,,,
299,Nomen,Kredenz,der Küchenschrank; die Anrichte,Alltag,falsch,,,
300,Nomen,Rauchfang,der Schornstein,Alltag,richtig,,,
301,Nomen,Keuschn,das kleine (Bauern-)Häuschen,Alltag,richtig,,,
302,Nomen,Platzerl,das Plätzchen; der gemütliche Ort,Alltag,richtig,,,
303,Nomen,Fetzn,der Lappen; (auch) der Rausch,Alltag,richtig,,,
304,Nomen,Tschick,die Zigarette,Alltag,richtig,,,
305,Nomen,Pfoad,das Hemd,Alltag,richtig,,,
306,Nomen,Joppn,die Jacke (Trachtenjacke),Alltag,falsch,,,
307,Nomen,Kittl,der Rock,Alltag,richtig,,,
308,Nomen,Gilet,die Weste,Alltag,richtig,,,
309,Nomen,Spotzn,der Muskelkater,Alltag,richtig,,,
310,Nomen,Wadl,die Wade,Alltag,richtig,,,
311,Nomen,Pratzn,die (große) Hand; die Pranke,Alltag,richtig,,,
312,Nomen,Ranzn,der dicke Bauch,Alltag,richtig,,,
313,Nomen,Goschn,der Mund; das Maul (derb),derb,richtig,,,
314,Nomen,Kopfwea,die Kopfschmerzen,Alltag,richtig,,,
315,Nomen,Watschn,die Ohrfeige,Alltag,richtig,,,
316,Nomen,Fipperl,der leichte Klaps; die leichte Ohrfeige,Alltag,falsch,,,
317,Nomen,Dachtl,die Kopfnuss; der Klaps,Alltag,richtig,,,
318,Nomen,Maugaza,der Seufzer,Alltag,richtig,,,
319,Nomen,Juchaza,der Jauchzer; der Freudenschrei,Freunde,richtig,,,
320,Nomen,Hetz,der Spaß (steirisch auch: Hez),Freunde,richtig,,,
321,Nomen,Dusl,das (unverdiente) Glück; der leichte Rausch,Freunde,richtig,,,
322,Nomen,Bummerl,das verlorene Spiel (beim Kartenspiel),Freunde,richtig,,,
323,Nomen,Schnapsn,das Schnapsen (Kartenspiel),Freunde,richtig,,,
324,Nomen,Spompanadln,die Umstände; die Faxen,Alltag,richtig,,,
325,Nomen,Gschisti-Gschasti,das Getue; das Theater,Alltag,richtig,,,
326,Nomen,Wickl,der Ärger; die Schwierigkeiten,Alltag,richtig,,,
327,Nomen,Gfrett,die Plage; die Mühsal,Arbeit,richtig,,,
328,Nomen,Pfusch,die Schwarzarbeit; die schlampige Arbeit,Arbeit,richtig,,,
329,Nomen,Lehrbua,der Lehrling,Arbeit,richtig,,,
330,Nomen,Rauchfangkehrer,der Schornsteinfeger,Arbeit,richtig,,,
331,Nomen,Krankenstand,die Krankschreibung,Arbeit,richtig,,,
332,Nomen,Matura,das Abitur,Arbeit,richtig,,,
333,Nomen,Somsta,der Samstag,Arbeit,richtig,,,
334,Nomen,Sunnta,der Sonntag,Arbeit,richtig,,,
335,Nomen,Freita,der Freitag,Arbeit,richtig,,,
336,Nomen,Gschäft,das Geschäft; der Laden,Einkaufen,richtig,,,
337,Nomen,Trinkgöd,das Trinkgeld,Einkaufen,richtig,,,
338,Nomen,Marie,das Geld (salopp),Einkaufen,richtig,,,
339,Nomen,Okazion,das Schnäppchen; die Gelegenheit,Einkaufen,falsch,,,
340,Nomen,Schas,der Furz; der Unsinn (derb),derb,richtig,,,
341,Nomen,Gehsteig,der Bürgersteig,Unterwegs,richtig,,,
342,Nomen,Gelsn,die Stechmücke,Natur,richtig,,,
343,Nomen,Wepsn,die Wespe,Natur,richtig,,,
344,Nomen,Muckn,die Fliege,Natur,richtig,,,
345,Nomen,Oadaxl,die Eidechse,Natur,richtig,,,
346,Nomen,Krot,die Kröte,Natur,richtig,,,
347,Nomen,Henn,die Henne; das Huhn,Natur,richtig,,,
348,Nomen,Goaß,die Ziege,Natur,richtig,,,
349,Nomen,Fackl,das Ferkel; das Schwein,Natur,richtig,,,
350,Nomen,Viech,das Tier,Natur,richtig,,,
351,Nomen,Rouß,das Pferd (Oststeiermark),Natur,richtig,,,
352,Nomen,Kotz,die Katze,Natur,richtig,,,
353,Nomen,Hos,der Hase,Natur,richtig,,,
354,Nomen,Tschurtschn,der Tannenzapfen; der Fichtenzapfen,Natur,falsch,,,
355,Nomen,Holler,der Holunder,Natur,richtig,,,
356,Nomen,Hetschepetsch,die Hagebutte,Natur,richtig,,,
357,Nomen,Kogl,der kegelförmige Berg; der runde Gipfel,Natur,richtig,,,
358,Nomen,Leitn,der Berghang; der Abhang,Natur,richtig,,,
359,Nomen,Olm,die Alm,Natur,richtig,,,
360,Nomen,Hittn,die Hütte,Natur,richtig,,,
361,Nomen,Bründl,die Quelle,Natur,richtig,,,
362,Nomen,Gstettn,das Brachland; das verwilderte Grundstück,Natur,richtig,,,
363,Nomen,Weingortn,der Weingarten; der Weinberg,Natur,richtig,,,
364,Nomen,Klapotetz,das hölzerne Windrad im Weingarten (Vogelscheuche; aus dem Slowenischen),Natur,falsch,,,
365,Nomen,Kellerstöckl,das kleine Presshaus mit Keller im Weingarten,Natur,richtig,,,
366,Nomen,Gatsch,der Matsch; der Schlamm,Wetter,richtig,,,
367,Nomen,Lackn,die Pfütze,Wetter,richtig,,,
368,Nomen,Gwitta,das Gewitter,Wetter,richtig,,,
369,Nomen,Schaua,der Regenschauer,Wetter,richtig,,,
370,Nomen,Nebl,der Nebel,Wetter,richtig,,,
371,Nomen,Hogl,der Hagel,Wetter,richtig,,,
372,Nomen,Summa,der Sommer,Wetter,richtig,,,
373,Nomen,Winta,der Winter,Wetter,richtig,,,
374,Nomen,Kirtag,das Kirchweihfest; der Jahrmarkt,Brauchtum,richtig,,,
375,Nomen,Fosching,der Fasching; der Karneval,Brauchtum,richtig,,,
376,Nomen,Krampus,der Krampus (Begleiter des Nikolaus),Brauchtum,richtig,,,
377,Nomen,Christkindl,das Christkind,Brauchtum,richtig,,,
378,Nomen,Fleischweich,die Speisensegnung zu Ostern,Brauchtum,richtig,,,
379,Nomen,Weihkorb,der Korb mit den Osterspeisen zur Segnung,Brauchtum,richtig,,,
380,Nomen,Godnstriezl,der Allerheiligenstriezel (Geschenk der Paten),Brauchtum,richtig,,,
381,Nomen,Maibam,der Maibaum,Brauchtum,richtig,,,
382,Nomen,Osterfeia,das Osterfeuer,Brauchtum,richtig,,,
383,Nomen,Gstanzl,das (Spott-)Lied mit vier Zeilen,Brauchtum,richtig,,,
384,Nomen,Ziach,die steirische Harmonika,Brauchtum,falsch,,,
385,Nomen,Lederhosn,die Lederhose,Brauchtum,richtig,,,
386,Nomen,Stutzn,die Kniestrümpfe (zur Tracht),Brauchtum,richtig,,,
387,Nomen,Steirergwand,der Steireranzug; die steirische Tracht,Brauchtum,richtig,,,
388,Verb,losn,zuhören; horchen,Alltag,richtig,,,
389,Verb,kriagn,bekommen; kriegen,Alltag,richtig,,,
390,Verb,gneißn,merken; kapieren,Alltag,richtig,,,
391,Verb,schmeckn,riechen; schmecken,Alltag,richtig,,,
392,Verb,dischkriern,sich unterhalten; plaudern,Freunde,falsch,,,
393,Verb,schupfn,werfen; schubsen,Alltag,richtig,,,
394,Verb,plärrn,laut weinen; schreien,Alltag,richtig,,,
395,Verb,speibn,sich übergeben,Alltag,richtig,,,
396,Verb,fladern,stehlen; klauen,Alltag,richtig,,,
397,Verb,sekkiern,ärgern; quälen; belästigen,Alltag,richtig,,,
398,Verb,tratzn,necken; foppen,Freunde,richtig,,,
399,Verb,fuxn,ärgern (es fuxt mi),Alltag,richtig,,,
400,Verb,motschkern,nörgeln; meckern,Alltag,richtig,,,
401,Verb,gfrettn,sich abmühen; sich plagen,Arbeit,richtig,,,
402,Verb,dapockn,schaffen; bewältigen,Arbeit,richtig,,,
403,Verb,zammramma,aufräumen,Alltag,richtig,,,
404,Verb,ausrastn,sich ausruhen,Alltag,richtig,,,
405,Verb,pfnausn,schnaufen; keuchen,Alltag,richtig,,,
406,Verb,dawischn,erwischen,Alltag,richtig,,,
407,Verb,daschreckn,erschrecken,Alltag,richtig,,,
408,Verb,dabarma,leidtun; Mitleid erregen (du dabarmst ma),Alltag,richtig,,,
409,Verb,aschlan,rückwärts gehen,Unterwegs,falsch,,,
410,Verb,wischpln,pfeifen,Alltag,falsch,,,
411,Verb,hupfn,springen; hüpfen,Alltag,richtig,,,
412,Verb,renna,laufen; rennen,Alltag,richtig,,,
413,Verb,foahn,fahren,Unterwegs,richtig,,,
414,Verb,vagehn (si),sich verlaufen,Unterwegs,richtig,,,
415,Verb,ziagn,ziehen,Alltag,richtig,,,
416,Verb,tuan,tun; machen,Alltag,richtig,,,
417,Verb,gebm,geben,Alltag,richtig,,,
418,Verb,nehma,nehmen,Alltag,richtig,,,
419,Verb,woartn,warten,Alltag,richtig,,,
420,Verb,suachn,suchen,Alltag,richtig,,,
421,Verb,vagessn,vergessen,Alltag,richtig,,,
422,Verb,auskenna (si),sich auskennen,Alltag,richtig,,,
423,Verb,glanga,reichen; genügen,Alltag,richtig,,,
424,Verb,pickn,kleben; picken,Alltag,richtig,,,
425,Verb,zwickn,kneifen; zwicken,Alltag,richtig,,,
426,Verb,essn,essen,Essen,richtig,,,
427,Verb,trinkn,trinken,Essen,richtig,,,
428,Verb,kocha,kochen,Essen,richtig,,,
429,Verb,jausnen,eine Zwischenmahlzeit essen; Brotzeit machen,Essen,richtig,,,
430,Verb,tschechern,(viel Alkohol) trinken; saufen,Freunde,richtig,,,
431,Verb,hoazn,heizen,Wetter,richtig,,,
432,Verb,gfrian,frieren,Wetter,richtig,,,
433,Adjektiv,harb,böse; verärgert; beleidigt,Alltag,richtig,,,
434,Adjektiv,fuchtig,wütend,Alltag,falsch,,,
435,Adjektiv,angfressn,verärgert; genervt,Alltag,richtig,,,
436,Adjektiv,zwida,zuwider; unangenehm; mürrisch,Alltag,richtig,,,
437,Adjektiv,fad,langweilig,Alltag,richtig,,,
438,Adjektiv,letschad,schlaff; fade; kraftlos,Alltag,richtig,,,
439,Adjektiv,gach,jäh; plötzlich; steil,Alltag,richtig,,,
440,Adjektiv,schöch,schief,Alltag,falsch,,,
441,Adjektiv,resch,knusprig; resolut,Essen,richtig,,,
442,Adjektiv,hantig,bitter; herb; grob,Essen,richtig,,,
443,Adjektiv,gschamig,schüchtern,Alltag,richtig,,,
444,Adjektiv,gspassig,lustig; komisch,Freunde,richtig,,,
445,Adjektiv,damisch,benommen; schwindlig; dumm,Alltag,richtig,,,
446,Adjektiv,bamstig,"taub; pelzig (Gefühl, z. B. Zunge)",Alltag,falsch,,,
447,Adjektiv,hin,kaputt; tot,Alltag,richtig,,,
448,Adjektiv,stier,pleite; ohne Geld,Einkaufen,richtig,,,
449,Adjektiv,zaundürr,spindeldürr,Alltag,richtig,,,
450,Adjektiv,pumperlgsund,kerngesund,Alltag,richtig,,,
451,Adjektiv,liab,lieb; nett; niedlich,Freunde,richtig,,,
452,Adjektiv,bsoffn,betrunken,Freunde,richtig,,,
453,Adjektiv,bled,blöd; dumm,Alltag,richtig,,,
454,Adjektiv,gschert,grob; ungehobelt (abwertend),derb,richtig,,,
455,Adjektiv,broat,breit; (salopp) betrunken,Alltag,richtig,,,
456,Adjektiv,stoaroid,steinalt,Alltag,richtig,,,
457,Adjektiv,woach,weich,Alltag,richtig,,,
458,Adjektiv,foisch,falsch,Alltag,richtig,,,
459,Adjektiv,vakeht,verkehrt; falsch herum,Alltag,richtig,,,
460,Adjektiv,sauba,sauber; (auch) toll,Alltag,richtig,,,
461,Adjektiv,voi,voll; satt; (salopp) betrunken,Essen,richtig,,,
462,Adjektiv,noss,nass,Wetter,richtig,,,
463,Adjektiv,trucka,trocken,Wetter,richtig,,,
464,Adjektiv,dumpa,dämmrig; dunkel (werdend),Wetter,richtig,,,
465,Nomen,Poscha,der Schaden; der Spleen (an Poscha hobn = verrückt sein),Freunde,richtig,,,
466,Nomen,Wappler,der Idiot; der Trottel (derb),derb,richtig,,,
467,Nomen,Trottl,der Trottel,derb,richtig,,,
468,Nomen,Heisl,der Idiot; der unsympathische Typ (derb; eigentl. die Toilette),derb,richtig,,,
469,Nomen,Klump,"der Plunder; das kaputte, minderwertige Zeug",Alltag,richtig,,,
470,Nomen,Graffl,das Gerümpel; der Kram,Alltag,richtig,,,
471,Nomen,Gschiss,das Getue; der unnötige Aufwand,Alltag,richtig,,,
472,Nomen,Bahö,"das Theater; der Lärm; die Aufregung (ugs., ostösterreichisch)",Alltag,richtig,,,
473,Adjektiv,angrennt,verrückt; nicht ganz bei Trost (wörtl.: angerannt),Freunde,richtig,,,
474,Verb,durchdrahn,durchdrehen; die Nerven verlieren,Alltag,richtig,,,